{"cameraMode":{"drawMode":0,"name":"Shaded","section":"Shading Mode"},"sceneLighting":false,"audioPlay":false,"sceneViewState":{"showFog":false,"showMaterialUpdate":false,"showSkybox":false,"showFlares":false,"showImageEffects":false,"showParticleSystems":false},"in2DMode":false,"pivot":{"x":-3.9895262718200685,"y":3.7662458419799806,"z":-0.6452123522758484},"rotation":{"x":-0.020644325762987138,"y":-0.06594231724739075,"z":-0.0013644350692629815,"w":0.9976104497909546},"size":27.46392250061035,"orthographic":false}