{"cameraMode":{"drawMode":0,"name":"Shaded","section":"Shading Mode"},"sceneLighting":false,"audioPlay":false,"sceneViewState":{"showFog":false,"showMaterialUpdate":false,"showSkybox":false,"showFlares":false,"showImageEffects":false,"showParticleSystems":false},"in2DMode":false,"pivot":{"x":0.4282904267311096,"y":4.687412261962891,"z":-9.310453414916993},"rotation":{"x":0.08091293275356293,"y":-0.0866076871752739,"z":0.007057650480419397,"w":0.9929274320602417},"size":4.154965877532959,"orthographic":false}