{"cameraMode":{"drawMode":0,"name":"Shaded","section":"Shading Mode"},"sceneLighting":false,"audioPlay":false,"sceneViewState":{"showFog":false,"showMaterialUpdate":false,"showSkybox":false,"showFlares":false,"showImageEffects":false,"showParticleSystems":false},"in2DMode":false,"pivot":{"x":666.99560546875,"y":896.712890625,"z":-59.28900146484375},"rotation":{"x":0.05576973408460617,"y":0.01946420967578888,"z":-0.0010872319107875229,"w":0.9982547163963318},"size":633.4249877929688,"orthographic":false}