{"cameraMode":{"drawMode":0,"name":"Shaded","section":"Shading Mode"},"sceneLighting":false,"audioPlay":false,"sceneViewState":{"showFog":false,"showMaterialUpdate":false,"showSkybox":false,"showFlares":false,"showImageEffects":false,"showParticleSystems":false},"in2DMode":false,"pivot":{"x":499.7716369628906,"y":908.6178588867188,"z":-51.42936325073242},"rotation":{"x":0.05576973408460617,"y":0.01946420967578888,"z":-0.0010872319107875229,"w":0.9982547163963318},"size":864.5592651367188,"orthographic":false}