{"cameraMode":{"drawMode":0,"name":"Shaded","section":"Shading Mode"},"sceneLighting":false,"audioPlay":false,"sceneViewState":{"showFog":false,"showMaterialUpdate":false,"showSkybox":false,"showFlares":false,"showImageEffects":false,"showParticleSystems":false},"in2DMode":false,"pivot":{"x":727.2762451171875,"y":909.0863647460938,"z":26.99542808532715},"rotation":{"x":-0.020644325762987138,"y":-0.06594231724739075,"z":-0.0013644350692629815,"w":0.9976104497909546},"size":662.0830078125,"orthographic":false}