{"cameraMode":{"drawMode":0,"name":"Shaded","section":"Shading Mode"},"sceneLighting":false,"audioPlay":false,"sceneViewState":{"showFog":false,"showMaterialUpdate":false,"showSkybox":false,"showFlares":false,"showImageEffects":false,"showParticleSystems":false},"in2DMode":false,"pivot":{"x":4.283144950866699,"y":39.23173141479492,"z":128.73089599609376},"rotation":{"x":-0.16625922918319703,"y":0.7949063181877136,"z":0.2508593201637268,"w":0.5268406271934509},"size":20.396299362182618,"orthographic":false}